--
-- PostgreSQL database cluster dump
--

SET client_encoding = 'UTF8';
SET standard_conforming_strings = on;

--
-- Roles
--

CREATE ROLE david;
ALTER ROLE david WITH SUPERUSER INHERIT CREATEROLE CREATEDB LOGIN REPLICATION;
CREATE ROLE mehealth;
ALTER ROLE mehealth WITH NOSUPERUSER INHERIT NOCREATEROLE CREATEDB LOGIN NOREPLICATION;






--
-- Database creation
--

CREATE DATABASE david WITH TEMPLATE = template0 OWNER = david;
CREATE DATABASE dev_sample_app WITH TEMPLATE = template0 OWNER = david;
CREATE DATABASE mehealth_dev WITH TEMPLATE = template0 OWNER = mehealth;
CREATE DATABASE mehealth_test WITH TEMPLATE = template0 OWNER = mehealth;
REVOKE ALL ON DATABASE template1 FROM PUBLIC;
REVOKE ALL ON DATABASE template1 FROM david;
GRANT ALL ON DATABASE template1 TO david;
GRANT CONNECT ON DATABASE template1 TO PUBLIC;
CREATE DATABASE test_sample_app WITH TEMPLATE = template0 OWNER = david;


\connect david

--
-- PostgreSQL database dump
--

SET statement_timeout = 0;
SET client_encoding = 'UTF8';
SET standard_conforming_strings = on;
SET check_function_bodies = false;
SET client_min_messages = warning;

--
-- Name: plpgsql; Type: EXTENSION; Schema: -; Owner: 
--

CREATE EXTENSION IF NOT EXISTS plpgsql WITH SCHEMA pg_catalog;


--
-- Name: EXTENSION plpgsql; Type: COMMENT; Schema: -; Owner: 
--

COMMENT ON EXTENSION plpgsql IS 'PL/pgSQL procedural language';


--
-- Name: public; Type: ACL; Schema: -; Owner: david
--

REVOKE ALL ON SCHEMA public FROM PUBLIC;
REVOKE ALL ON SCHEMA public FROM david;
GRANT ALL ON SCHEMA public TO david;
GRANT ALL ON SCHEMA public TO PUBLIC;


--
-- PostgreSQL database dump complete
--

\connect dev_sample_app

--
-- PostgreSQL database dump
--

SET statement_timeout = 0;
SET client_encoding = 'UTF8';
SET standard_conforming_strings = on;
SET check_function_bodies = false;
SET client_min_messages = warning;

--
-- Name: plpgsql; Type: EXTENSION; Schema: -; Owner: 
--

CREATE EXTENSION IF NOT EXISTS plpgsql WITH SCHEMA pg_catalog;


--
-- Name: EXTENSION plpgsql; Type: COMMENT; Schema: -; Owner: 
--

COMMENT ON EXTENSION plpgsql IS 'PL/pgSQL procedural language';


SET search_path = public, pg_catalog;

SET default_tablespace = '';

SET default_with_oids = false;

--
-- Name: schema_migrations; Type: TABLE; Schema: public; Owner: david; Tablespace: 
--

CREATE TABLE schema_migrations (
    version character varying(255) NOT NULL
);


ALTER TABLE public.schema_migrations OWNER TO david;

--
-- Name: users; Type: TABLE; Schema: public; Owner: david; Tablespace: 
--

CREATE TABLE users (
    id integer NOT NULL,
    name character varying(255),
    email character varying(255),
    created_at timestamp without time zone,
    updated_at timestamp without time zone
);


ALTER TABLE public.users OWNER TO david;

--
-- Name: users_id_seq; Type: SEQUENCE; Schema: public; Owner: david
--

CREATE SEQUENCE users_id_seq
    START WITH 1
    INCREMENT BY 1
    NO MINVALUE
    NO MAXVALUE
    CACHE 1;


ALTER TABLE public.users_id_seq OWNER TO david;

--
-- Name: users_id_seq; Type: SEQUENCE OWNED BY; Schema: public; Owner: david
--

ALTER SEQUENCE users_id_seq OWNED BY users.id;


--
-- Name: id; Type: DEFAULT; Schema: public; Owner: david
--

ALTER TABLE ONLY users ALTER COLUMN id SET DEFAULT nextval('users_id_seq'::regclass);


--
-- Data for Name: schema_migrations; Type: TABLE DATA; Schema: public; Owner: david
--

COPY schema_migrations (version) FROM stdin;
20130919143406
20130919155040
\.


--
-- Data for Name: users; Type: TABLE DATA; Schema: public; Owner: david
--

COPY users (id, name, email, created_at, updated_at) FROM stdin;
\.


--
-- Name: users_id_seq; Type: SEQUENCE SET; Schema: public; Owner: david
--

SELECT pg_catalog.setval('users_id_seq', 1, false);


--
-- Name: users_pkey; Type: CONSTRAINT; Schema: public; Owner: david; Tablespace: 
--

ALTER TABLE ONLY users
    ADD CONSTRAINT users_pkey PRIMARY KEY (id);


--
-- Name: index_users_on_email; Type: INDEX; Schema: public; Owner: david; Tablespace: 
--

CREATE UNIQUE INDEX index_users_on_email ON users USING btree (email);


--
-- Name: unique_schema_migrations; Type: INDEX; Schema: public; Owner: david; Tablespace: 
--

CREATE UNIQUE INDEX unique_schema_migrations ON schema_migrations USING btree (version);


--
-- Name: public; Type: ACL; Schema: -; Owner: david
--

REVOKE ALL ON SCHEMA public FROM PUBLIC;
REVOKE ALL ON SCHEMA public FROM david;
GRANT ALL ON SCHEMA public TO david;
GRANT ALL ON SCHEMA public TO PUBLIC;


--
-- PostgreSQL database dump complete
--

\connect mehealth_dev

--
-- PostgreSQL database dump
--

SET statement_timeout = 0;
SET client_encoding = 'UTF8';
SET standard_conforming_strings = on;
SET check_function_bodies = false;
SET client_min_messages = warning;

--
-- Name: plpgsql; Type: EXTENSION; Schema: -; Owner: 
--

CREATE EXTENSION IF NOT EXISTS plpgsql WITH SCHEMA pg_catalog;


--
-- Name: EXTENSION plpgsql; Type: COMMENT; Schema: -; Owner: 
--

COMMENT ON EXTENSION plpgsql IS 'PL/pgSQL procedural language';


SET search_path = public, pg_catalog;

SET default_tablespace = '';

SET default_with_oids = false;

--
-- Name: microposts; Type: TABLE; Schema: public; Owner: mehealth; Tablespace: 
--

CREATE TABLE microposts (
    id integer NOT NULL,
    content character varying(255),
    user_id integer,
    created_at timestamp without time zone NOT NULL,
    updated_at timestamp without time zone NOT NULL
);


ALTER TABLE public.microposts OWNER TO mehealth;

--
-- Name: microposts_id_seq; Type: SEQUENCE; Schema: public; Owner: mehealth
--

CREATE SEQUENCE microposts_id_seq
    START WITH 1
    INCREMENT BY 1
    NO MINVALUE
    NO MAXVALUE
    CACHE 1;


ALTER TABLE public.microposts_id_seq OWNER TO mehealth;

--
-- Name: microposts_id_seq; Type: SEQUENCE OWNED BY; Schema: public; Owner: mehealth
--

ALTER SEQUENCE microposts_id_seq OWNED BY microposts.id;


--
-- Name: schema_migrations; Type: TABLE; Schema: public; Owner: mehealth; Tablespace: 
--

CREATE TABLE schema_migrations (
    version character varying(255) NOT NULL
);


ALTER TABLE public.schema_migrations OWNER TO mehealth;

--
-- Name: users; Type: TABLE; Schema: public; Owner: mehealth; Tablespace: 
--

CREATE TABLE users (
    id integer NOT NULL,
    name character varying(255),
    email character varying(255),
    created_at timestamp without time zone NOT NULL,
    updated_at timestamp without time zone NOT NULL,
    password_digest character varying(255),
    remember_token character varying(255),
    admin boolean DEFAULT false
);


ALTER TABLE public.users OWNER TO mehealth;

--
-- Name: users_id_seq; Type: SEQUENCE; Schema: public; Owner: mehealth
--

CREATE SEQUENCE users_id_seq
    START WITH 1
    INCREMENT BY 1
    NO MINVALUE
    NO MAXVALUE
    CACHE 1;


ALTER TABLE public.users_id_seq OWNER TO mehealth;

--
-- Name: users_id_seq; Type: SEQUENCE OWNED BY; Schema: public; Owner: mehealth
--

ALTER SEQUENCE users_id_seq OWNED BY users.id;


--
-- Name: id; Type: DEFAULT; Schema: public; Owner: mehealth
--

ALTER TABLE ONLY microposts ALTER COLUMN id SET DEFAULT nextval('microposts_id_seq'::regclass);


--
-- Name: id; Type: DEFAULT; Schema: public; Owner: mehealth
--

ALTER TABLE ONLY users ALTER COLUMN id SET DEFAULT nextval('users_id_seq'::regclass);


--
-- Data for Name: microposts; Type: TABLE DATA; Schema: public; Owner: mehealth
--

COPY microposts (id, content, user_id, created_at, updated_at) FROM stdin;
1	Facilis laudantium dignissimos eos laboriosam neque.	1	2013-03-29 17:43:48.06819	2013-03-29 17:43:48.06819
2	Facilis laudantium dignissimos eos laboriosam neque.	2	2013-03-29 17:43:48.077069	2013-03-29 17:43:48.077069
3	Facilis laudantium dignissimos eos laboriosam neque.	3	2013-03-29 17:43:48.083871	2013-03-29 17:43:48.083871
4	Facilis laudantium dignissimos eos laboriosam neque.	4	2013-03-29 17:43:48.089133	2013-03-29 17:43:48.089133
5	Facilis laudantium dignissimos eos laboriosam neque.	5	2013-03-29 17:43:48.094082	2013-03-29 17:43:48.094082
6	Facilis laudantium dignissimos eos laboriosam neque.	6	2013-03-29 17:43:48.09911	2013-03-29 17:43:48.09911
7	Ut eaque incidunt aperiam deserunt aliquid dolor.	1	2013-03-29 17:43:48.104009	2013-03-29 17:43:48.104009
8	Ut eaque incidunt aperiam deserunt aliquid dolor.	2	2013-03-29 17:43:48.108603	2013-03-29 17:43:48.108603
9	Ut eaque incidunt aperiam deserunt aliquid dolor.	3	2013-03-29 17:43:48.113244	2013-03-29 17:43:48.113244
10	Ut eaque incidunt aperiam deserunt aliquid dolor.	4	2013-03-29 17:43:48.117881	2013-03-29 17:43:48.117881
11	Ut eaque incidunt aperiam deserunt aliquid dolor.	5	2013-03-29 17:43:48.122508	2013-03-29 17:43:48.122508
12	Ut eaque incidunt aperiam deserunt aliquid dolor.	6	2013-03-29 17:43:48.127092	2013-03-29 17:43:48.127092
13	Velit autem cumque qui itaque.	1	2013-03-29 17:43:48.131924	2013-03-29 17:43:48.131924
14	Velit autem cumque qui itaque.	2	2013-03-29 17:43:48.136567	2013-03-29 17:43:48.136567
15	Velit autem cumque qui itaque.	3	2013-03-29 17:43:48.141147	2013-03-29 17:43:48.141147
16	Velit autem cumque qui itaque.	4	2013-03-29 17:43:48.145793	2013-03-29 17:43:48.145793
17	Velit autem cumque qui itaque.	5	2013-03-29 17:43:48.150488	2013-03-29 17:43:48.150488
18	Velit autem cumque qui itaque.	6	2013-03-29 17:43:48.154925	2013-03-29 17:43:48.154925
19	Fugit consequatur hic delectus tempore.	1	2013-03-29 17:43:48.159704	2013-03-29 17:43:48.159704
20	Fugit consequatur hic delectus tempore.	2	2013-03-29 17:43:48.164387	2013-03-29 17:43:48.164387
21	Fugit consequatur hic delectus tempore.	3	2013-03-29 17:43:48.169141	2013-03-29 17:43:48.169141
22	Fugit consequatur hic delectus tempore.	4	2013-03-29 17:43:48.173765	2013-03-29 17:43:48.173765
23	Fugit consequatur hic delectus tempore.	5	2013-03-29 17:43:48.178387	2013-03-29 17:43:48.178387
24	Fugit consequatur hic delectus tempore.	6	2013-03-29 17:43:48.182803	2013-03-29 17:43:48.182803
25	Id dolor mollitia et sapiente tempore voluptatem suscipit laborum nulla.	1	2013-03-29 17:43:48.18764	2013-03-29 17:43:48.18764
26	Id dolor mollitia et sapiente tempore voluptatem suscipit laborum nulla.	2	2013-03-29 17:43:48.192215	2013-03-29 17:43:48.192215
27	Id dolor mollitia et sapiente tempore voluptatem suscipit laborum nulla.	3	2013-03-29 17:43:48.199668	2013-03-29 17:43:48.199668
28	Id dolor mollitia et sapiente tempore voluptatem suscipit laborum nulla.	4	2013-03-29 17:43:48.2048	2013-03-29 17:43:48.2048
29	Id dolor mollitia et sapiente tempore voluptatem suscipit laborum nulla.	5	2013-03-29 17:43:48.209432	2013-03-29 17:43:48.209432
30	Id dolor mollitia et sapiente tempore voluptatem suscipit laborum nulla.	6	2013-03-29 17:43:48.214073	2013-03-29 17:43:48.214073
31	Occaecati ut voluptas quibusdam at nisi.	1	2013-03-29 17:43:48.219124	2013-03-29 17:43:48.219124
32	Occaecati ut voluptas quibusdam at nisi.	2	2013-03-29 17:43:48.224263	2013-03-29 17:43:48.224263
33	Occaecati ut voluptas quibusdam at nisi.	3	2013-03-29 17:43:48.22894	2013-03-29 17:43:48.22894
34	Occaecati ut voluptas quibusdam at nisi.	4	2013-03-29 17:43:48.234584	2013-03-29 17:43:48.234584
35	Occaecati ut voluptas quibusdam at nisi.	5	2013-03-29 17:43:48.239252	2013-03-29 17:43:48.239252
36	Occaecati ut voluptas quibusdam at nisi.	6	2013-03-29 17:43:48.244763	2013-03-29 17:43:48.244763
37	Modi saepe in ducimus est sequi beatae autem.	1	2013-03-29 17:43:48.249663	2013-03-29 17:43:48.249663
38	Modi saepe in ducimus est sequi beatae autem.	2	2013-03-29 17:43:48.254324	2013-03-29 17:43:48.254324
39	Modi saepe in ducimus est sequi beatae autem.	3	2013-03-29 17:43:48.258955	2013-03-29 17:43:48.258955
40	Modi saepe in ducimus est sequi beatae autem.	4	2013-03-29 17:43:48.265658	2013-03-29 17:43:48.265658
41	Modi saepe in ducimus est sequi beatae autem.	5	2013-03-29 17:43:48.270666	2013-03-29 17:43:48.270666
42	Modi saepe in ducimus est sequi beatae autem.	6	2013-03-29 17:43:48.275313	2013-03-29 17:43:48.275313
43	Voluptas repellat autem vel voluptatem est.	1	2013-03-29 17:43:48.280118	2013-03-29 17:43:48.280118
44	Voluptas repellat autem vel voluptatem est.	2	2013-03-29 17:43:48.284882	2013-03-29 17:43:48.284882
45	Voluptas repellat autem vel voluptatem est.	3	2013-03-29 17:43:48.289535	2013-03-29 17:43:48.289535
46	Voluptas repellat autem vel voluptatem est.	4	2013-03-29 17:43:48.294147	2013-03-29 17:43:48.294147
47	Voluptas repellat autem vel voluptatem est.	5	2013-03-29 17:43:48.298932	2013-03-29 17:43:48.298932
48	Voluptas repellat autem vel voluptatem est.	6	2013-03-29 17:43:48.303649	2013-03-29 17:43:48.303649
49	Dolore distinctio provident aut qui sunt cumque deserunt.	1	2013-03-29 17:43:48.30859	2013-03-29 17:43:48.30859
50	Dolore distinctio provident aut qui sunt cumque deserunt.	2	2013-03-29 17:43:48.314137	2013-03-29 17:43:48.314137
51	Dolore distinctio provident aut qui sunt cumque deserunt.	3	2013-03-29 17:43:48.318786	2013-03-29 17:43:48.318786
52	Dolore distinctio provident aut qui sunt cumque deserunt.	4	2013-03-29 17:43:48.323416	2013-03-29 17:43:48.323416
53	Dolore distinctio provident aut qui sunt cumque deserunt.	5	2013-03-29 17:43:48.328022	2013-03-29 17:43:48.328022
54	Dolore distinctio provident aut qui sunt cumque deserunt.	6	2013-03-29 17:43:48.332897	2013-03-29 17:43:48.332897
55	Voluptatem accusamus quos iusto veritatis molestiae quidem.	1	2013-03-29 17:43:48.337854	2013-03-29 17:43:48.337854
56	Voluptatem accusamus quos iusto veritatis molestiae quidem.	2	2013-03-29 17:43:48.34258	2013-03-29 17:43:48.34258
57	Voluptatem accusamus quos iusto veritatis molestiae quidem.	3	2013-03-29 17:43:48.347239	2013-03-29 17:43:48.347239
58	Voluptatem accusamus quos iusto veritatis molestiae quidem.	4	2013-03-29 17:43:48.351716	2013-03-29 17:43:48.351716
59	Voluptatem accusamus quos iusto veritatis molestiae quidem.	5	2013-03-29 17:43:48.356349	2013-03-29 17:43:48.356349
60	Voluptatem accusamus quos iusto veritatis molestiae quidem.	6	2013-03-29 17:43:48.360991	2013-03-29 17:43:48.360991
61	Nostrum odio veritatis nesciunt excepturi vero distinctio dignissimos quam.	1	2013-03-29 17:43:48.365844	2013-03-29 17:43:48.365844
62	Nostrum odio veritatis nesciunt excepturi vero distinctio dignissimos quam.	2	2013-03-29 17:43:48.370596	2013-03-29 17:43:48.370596
63	Nostrum odio veritatis nesciunt excepturi vero distinctio dignissimos quam.	3	2013-03-29 17:43:48.375251	2013-03-29 17:43:48.375251
64	Nostrum odio veritatis nesciunt excepturi vero distinctio dignissimos quam.	4	2013-03-29 17:43:48.379878	2013-03-29 17:43:48.379878
65	Nostrum odio veritatis nesciunt excepturi vero distinctio dignissimos quam.	5	2013-03-29 17:43:48.384673	2013-03-29 17:43:48.384673
66	Nostrum odio veritatis nesciunt excepturi vero distinctio dignissimos quam.	6	2013-03-29 17:43:48.389323	2013-03-29 17:43:48.389323
67	Omnis exercitationem aut quas quia ut est quia.	1	2013-03-29 17:43:48.394139	2013-03-29 17:43:48.394139
68	Omnis exercitationem aut quas quia ut est quia.	2	2013-03-29 17:43:48.398797	2013-03-29 17:43:48.398797
69	Omnis exercitationem aut quas quia ut est quia.	3	2013-03-29 17:43:48.403454	2013-03-29 17:43:48.403454
70	Omnis exercitationem aut quas quia ut est quia.	4	2013-03-29 17:43:48.408092	2013-03-29 17:43:48.408092
71	Omnis exercitationem aut quas quia ut est quia.	5	2013-03-29 17:43:48.412718	2013-03-29 17:43:48.412718
72	Omnis exercitationem aut quas quia ut est quia.	6	2013-03-29 17:43:48.417249	2013-03-29 17:43:48.417249
73	Qui facere blanditiis quo recusandae excepturi nesciunt nemo eos.	1	2013-03-29 17:43:48.422002	2013-03-29 17:43:48.422002
74	Qui facere blanditiis quo recusandae excepturi nesciunt nemo eos.	2	2013-03-29 17:43:48.426628	2013-03-29 17:43:48.426628
75	Qui facere blanditiis quo recusandae excepturi nesciunt nemo eos.	3	2013-03-29 17:43:48.433836	2013-03-29 17:43:48.433836
76	Qui facere blanditiis quo recusandae excepturi nesciunt nemo eos.	4	2013-03-29 17:43:48.438712	2013-03-29 17:43:48.438712
77	Qui facere blanditiis quo recusandae excepturi nesciunt nemo eos.	5	2013-03-29 17:43:48.443802	2013-03-29 17:43:48.443802
78	Qui facere blanditiis quo recusandae excepturi nesciunt nemo eos.	6	2013-03-29 17:43:48.448563	2013-03-29 17:43:48.448563
79	Soluta excepturi id nostrum doloremque est.	1	2013-03-29 17:43:48.453632	2013-03-29 17:43:48.453632
80	Soluta excepturi id nostrum doloremque est.	2	2013-03-29 17:43:48.458428	2013-03-29 17:43:48.458428
81	Soluta excepturi id nostrum doloremque est.	3	2013-03-29 17:43:48.463067	2013-03-29 17:43:48.463067
82	Soluta excepturi id nostrum doloremque est.	4	2013-03-29 17:43:48.46767	2013-03-29 17:43:48.46767
83	Soluta excepturi id nostrum doloremque est.	5	2013-03-29 17:43:48.472327	2013-03-29 17:43:48.472327
84	Soluta excepturi id nostrum doloremque est.	6	2013-03-29 17:43:48.476959	2013-03-29 17:43:48.476959
85	Soluta et delectus sit accusamus beatae placeat.	1	2013-03-29 17:43:48.482487	2013-03-29 17:43:48.482487
86	Soluta et delectus sit accusamus beatae placeat.	2	2013-03-29 17:43:48.487242	2013-03-29 17:43:48.487242
87	Soluta et delectus sit accusamus beatae placeat.	3	2013-03-29 17:43:48.491896	2013-03-29 17:43:48.491896
88	Soluta et delectus sit accusamus beatae placeat.	4	2013-03-29 17:43:48.497218	2013-03-29 17:43:48.497218
89	Soluta et delectus sit accusamus beatae placeat.	5	2013-03-29 17:43:48.502019	2013-03-29 17:43:48.502019
90	Soluta et delectus sit accusamus beatae placeat.	6	2013-03-29 17:43:48.506612	2013-03-29 17:43:48.506612
91	Molestiae accusamus sunt cumque numquam aliquid reprehenderit exercitationem.	1	2013-03-29 17:43:48.51141	2013-03-29 17:43:48.51141
92	Molestiae accusamus sunt cumque numquam aliquid reprehenderit exercitationem.	2	2013-03-29 17:43:48.516052	2013-03-29 17:43:48.516052
93	Molestiae accusamus sunt cumque numquam aliquid reprehenderit exercitationem.	3	2013-03-29 17:43:48.520712	2013-03-29 17:43:48.520712
94	Molestiae accusamus sunt cumque numquam aliquid reprehenderit exercitationem.	4	2013-03-29 17:43:48.525277	2013-03-29 17:43:48.525277
95	Molestiae accusamus sunt cumque numquam aliquid reprehenderit exercitationem.	5	2013-03-29 17:43:48.529803	2013-03-29 17:43:48.529803
96	Molestiae accusamus sunt cumque numquam aliquid reprehenderit exercitationem.	6	2013-03-29 17:43:48.534408	2013-03-29 17:43:48.534408
97	Rerum vero perferendis porro eaque id quos.	1	2013-03-29 17:43:48.539092	2013-03-29 17:43:48.539092
98	Rerum vero perferendis porro eaque id quos.	2	2013-03-29 17:43:48.543749	2013-03-29 17:43:48.543749
99	Rerum vero perferendis porro eaque id quos.	3	2013-03-29 17:43:48.548471	2013-03-29 17:43:48.548471
100	Rerum vero perferendis porro eaque id quos.	4	2013-03-29 17:43:48.553111	2013-03-29 17:43:48.553111
101	Rerum vero perferendis porro eaque id quos.	5	2013-03-29 17:43:48.558	2013-03-29 17:43:48.558
102	Rerum vero perferendis porro eaque id quos.	6	2013-03-29 17:43:48.562983	2013-03-29 17:43:48.562983
103	Porro placeat sint alias est ullam ut.	1	2013-03-29 17:43:48.57046	2013-03-29 17:43:48.57046
104	Porro placeat sint alias est ullam ut.	2	2013-03-29 17:43:48.575142	2013-03-29 17:43:48.575142
105	Porro placeat sint alias est ullam ut.	3	2013-03-29 17:43:48.579771	2013-03-29 17:43:48.579771
106	Porro placeat sint alias est ullam ut.	4	2013-03-29 17:43:48.584235	2013-03-29 17:43:48.584235
107	Porro placeat sint alias est ullam ut.	5	2013-03-29 17:43:48.588906	2013-03-29 17:43:48.588906
108	Porro placeat sint alias est ullam ut.	6	2013-03-29 17:43:48.593536	2013-03-29 17:43:48.593536
109	Maiores non autem neque deleniti nostrum tempora natus.	1	2013-03-29 17:43:48.598273	2013-03-29 17:43:48.598273
110	Maiores non autem neque deleniti nostrum tempora natus.	2	2013-03-29 17:43:48.603012	2013-03-29 17:43:48.603012
111	Maiores non autem neque deleniti nostrum tempora natus.	3	2013-03-29 17:43:48.607609	2013-03-29 17:43:48.607609
112	Maiores non autem neque deleniti nostrum tempora natus.	4	2013-03-29 17:43:48.612167	2013-03-29 17:43:48.612167
113	Maiores non autem neque deleniti nostrum tempora natus.	5	2013-03-29 17:43:48.616619	2013-03-29 17:43:48.616619
114	Maiores non autem neque deleniti nostrum tempora natus.	6	2013-03-29 17:43:48.621285	2013-03-29 17:43:48.621285
115	Ratione reiciendis natus officia voluptatem ea quis modi.	1	2013-03-29 17:43:48.626045	2013-03-29 17:43:48.626045
116	Ratione reiciendis natus officia voluptatem ea quis modi.	2	2013-03-29 17:43:48.630589	2013-03-29 17:43:48.630589
117	Ratione reiciendis natus officia voluptatem ea quis modi.	3	2013-03-29 17:43:48.635026	2013-03-29 17:43:48.635026
118	Ratione reiciendis natus officia voluptatem ea quis modi.	4	2013-03-29 17:43:48.639602	2013-03-29 17:43:48.639602
119	Ratione reiciendis natus officia voluptatem ea quis modi.	5	2013-03-29 17:43:48.644213	2013-03-29 17:43:48.644213
120	Ratione reiciendis natus officia voluptatem ea quis modi.	6	2013-03-29 17:43:48.648815	2013-03-29 17:43:48.648815
121	Commodi praesentium aut doloremque facilis beatae at.	1	2013-03-29 17:43:48.653597	2013-03-29 17:43:48.653597
122	Commodi praesentium aut doloremque facilis beatae at.	2	2013-03-29 17:43:48.658307	2013-03-29 17:43:48.658307
123	Commodi praesentium aut doloremque facilis beatae at.	3	2013-03-29 17:43:48.66294	2013-03-29 17:43:48.66294
124	Commodi praesentium aut doloremque facilis beatae at.	4	2013-03-29 17:43:48.667411	2013-03-29 17:43:48.667411
125	Commodi praesentium aut doloremque facilis beatae at.	5	2013-03-29 17:43:48.672023	2013-03-29 17:43:48.672023
126	Commodi praesentium aut doloremque facilis beatae at.	6	2013-03-29 17:43:48.676605	2013-03-29 17:43:48.676605
127	Aut quos tempore aspernatur minus unde reiciendis quisquam dolorum repudiandae.	1	2013-03-29 17:43:48.68128	2013-03-29 17:43:48.68128
128	Aut quos tempore aspernatur minus unde reiciendis quisquam dolorum repudiandae.	2	2013-03-29 17:43:48.685937	2013-03-29 17:43:48.685937
129	Aut quos tempore aspernatur minus unde reiciendis quisquam dolorum repudiandae.	3	2013-03-29 17:43:48.690587	2013-03-29 17:43:48.690587
130	Aut quos tempore aspernatur minus unde reiciendis quisquam dolorum repudiandae.	4	2013-03-29 17:43:48.695133	2013-03-29 17:43:48.695133
131	Aut quos tempore aspernatur minus unde reiciendis quisquam dolorum repudiandae.	5	2013-03-29 17:43:48.699548	2013-03-29 17:43:48.699548
132	Aut quos tempore aspernatur minus unde reiciendis quisquam dolorum repudiandae.	6	2013-03-29 17:43:48.704148	2013-03-29 17:43:48.704148
133	Veniam perferendis mollitia voluptatem et libero esse laboriosam.	1	2013-03-29 17:43:48.708854	2013-03-29 17:43:48.708854
134	Veniam perferendis mollitia voluptatem et libero esse laboriosam.	2	2013-03-29 17:43:48.713492	2013-03-29 17:43:48.713492
135	Veniam perferendis mollitia voluptatem et libero esse laboriosam.	3	2013-03-29 17:43:48.717919	2013-03-29 17:43:48.717919
136	Veniam perferendis mollitia voluptatem et libero esse laboriosam.	4	2013-03-29 17:43:48.722533	2013-03-29 17:43:48.722533
137	Veniam perferendis mollitia voluptatem et libero esse laboriosam.	5	2013-03-29 17:43:48.727109	2013-03-29 17:43:48.727109
138	Veniam perferendis mollitia voluptatem et libero esse laboriosam.	6	2013-03-29 17:43:48.73201	2013-03-29 17:43:48.73201
139	Nihil deleniti quia vel dolore facere eveniet aspernatur.	1	2013-03-29 17:43:48.73693	2013-03-29 17:43:48.73693
140	Nihil deleniti quia vel dolore facere eveniet aspernatur.	2	2013-03-29 17:43:48.741639	2013-03-29 17:43:48.741639
141	Nihil deleniti quia vel dolore facere eveniet aspernatur.	3	2013-03-29 17:43:48.746263	2013-03-29 17:43:48.746263
142	Nihil deleniti quia vel dolore facere eveniet aspernatur.	4	2013-03-29 17:43:48.750834	2013-03-29 17:43:48.750834
143	Nihil deleniti quia vel dolore facere eveniet aspernatur.	5	2013-03-29 17:43:48.757957	2013-03-29 17:43:48.757957
144	Nihil deleniti quia vel dolore facere eveniet aspernatur.	6	2013-03-29 17:43:48.762919	2013-03-29 17:43:48.762919
145	Cum laborum qui qui nisi laudantium occaecati.	1	2013-03-29 17:43:48.767848	2013-03-29 17:43:48.767848
146	Cum laborum qui qui nisi laudantium occaecati.	2	2013-03-29 17:43:48.772455	2013-03-29 17:43:48.772455
147	Cum laborum qui qui nisi laudantium occaecati.	3	2013-03-29 17:43:48.777069	2013-03-29 17:43:48.777069
148	Cum laborum qui qui nisi laudantium occaecati.	4	2013-03-29 17:43:48.78166	2013-03-29 17:43:48.78166
149	Cum laborum qui qui nisi laudantium occaecati.	5	2013-03-29 17:43:48.786664	2013-03-29 17:43:48.786664
150	Cum laborum qui qui nisi laudantium occaecati.	6	2013-03-29 17:43:48.791728	2013-03-29 17:43:48.791728
151	Laudantium quod accusamus quisquam soluta voluptate cum.	1	2013-03-29 17:43:48.796538	2013-03-29 17:43:48.796538
152	Laudantium quod accusamus quisquam soluta voluptate cum.	2	2013-03-29 17:43:48.801345	2013-03-29 17:43:48.801345
153	Laudantium quod accusamus quisquam soluta voluptate cum.	3	2013-03-29 17:43:48.806023	2013-03-29 17:43:48.806023
154	Laudantium quod accusamus quisquam soluta voluptate cum.	4	2013-03-29 17:43:48.810674	2013-03-29 17:43:48.810674
155	Laudantium quod accusamus quisquam soluta voluptate cum.	5	2013-03-29 17:43:48.888204	2013-03-29 17:43:48.888204
156	Laudantium quod accusamus quisquam soluta voluptate cum.	6	2013-03-29 17:43:48.893461	2013-03-29 17:43:48.893461
157	Hic tempora asperiores accusamus dignissimos illo fugiat saepe optio.	1	2013-03-29 17:43:48.89843	2013-03-29 17:43:48.89843
158	Hic tempora asperiores accusamus dignissimos illo fugiat saepe optio.	2	2013-03-29 17:43:48.903327	2013-03-29 17:43:48.903327
159	Hic tempora asperiores accusamus dignissimos illo fugiat saepe optio.	3	2013-03-29 17:43:48.908328	2013-03-29 17:43:48.908328
160	Hic tempora asperiores accusamus dignissimos illo fugiat saepe optio.	4	2013-03-29 17:43:48.913087	2013-03-29 17:43:48.913087
161	Hic tempora asperiores accusamus dignissimos illo fugiat saepe optio.	5	2013-03-29 17:43:48.917793	2013-03-29 17:43:48.917793
162	Hic tempora asperiores accusamus dignissimos illo fugiat saepe optio.	6	2013-03-29 17:43:48.922499	2013-03-29 17:43:48.922499
163	Esse aut ipsa voluptatibus a dolorum magni.	1	2013-03-29 17:43:48.92735	2013-03-29 17:43:48.92735
164	Esse aut ipsa voluptatibus a dolorum magni.	2	2013-03-29 17:43:48.932222	2013-03-29 17:43:48.932222
165	Esse aut ipsa voluptatibus a dolorum magni.	3	2013-03-29 17:43:48.937017	2013-03-29 17:43:48.937017
166	Esse aut ipsa voluptatibus a dolorum magni.	4	2013-03-29 17:43:48.94172	2013-03-29 17:43:48.94172
167	Esse aut ipsa voluptatibus a dolorum magni.	5	2013-03-29 17:43:48.946411	2013-03-29 17:43:48.946411
168	Esse aut ipsa voluptatibus a dolorum magni.	6	2013-03-29 17:43:48.950922	2013-03-29 17:43:48.950922
169	Earum illum cumque qui eos aut et debitis.	1	2013-03-29 17:43:48.956004	2013-03-29 17:43:48.956004
170	Earum illum cumque qui eos aut et debitis.	2	2013-03-29 17:43:49.062446	2013-03-29 17:43:49.062446
171	Earum illum cumque qui eos aut et debitis.	3	2013-03-29 17:43:49.067338	2013-03-29 17:43:49.067338
172	Earum illum cumque qui eos aut et debitis.	4	2013-03-29 17:43:49.072114	2013-03-29 17:43:49.072114
173	Earum illum cumque qui eos aut et debitis.	5	2013-03-29 17:43:49.076819	2013-03-29 17:43:49.076819
174	Earum illum cumque qui eos aut et debitis.	6	2013-03-29 17:43:49.082218	2013-03-29 17:43:49.082218
175	Est occaecati blanditiis necessitatibus quibusdam laborum et ut.	1	2013-03-29 17:43:49.087233	2013-03-29 17:43:49.087233
176	Est occaecati blanditiis necessitatibus quibusdam laborum et ut.	2	2013-03-29 17:43:49.09191	2013-03-29 17:43:49.09191
177	Est occaecati blanditiis necessitatibus quibusdam laborum et ut.	3	2013-03-29 17:43:49.096519	2013-03-29 17:43:49.096519
178	Est occaecati blanditiis necessitatibus quibusdam laborum et ut.	4	2013-03-29 17:43:49.101286	2013-03-29 17:43:49.101286
179	Est occaecati blanditiis necessitatibus quibusdam laborum et ut.	5	2013-03-29 17:43:49.106007	2013-03-29 17:43:49.106007
180	Est occaecati blanditiis necessitatibus quibusdam laborum et ut.	6	2013-03-29 17:43:49.110659	2013-03-29 17:43:49.110659
181	Est a quisquam iure voluptas possimus quia.	1	2013-03-29 17:43:49.115524	2013-03-29 17:43:49.115524
182	Est a quisquam iure voluptas possimus quia.	2	2013-03-29 17:43:49.120291	2013-03-29 17:43:49.120291
183	Est a quisquam iure voluptas possimus quia.	3	2013-03-29 17:43:49.124854	2013-03-29 17:43:49.124854
184	Est a quisquam iure voluptas possimus quia.	4	2013-03-29 17:43:49.129454	2013-03-29 17:43:49.129454
185	Est a quisquam iure voluptas possimus quia.	5	2013-03-29 17:43:49.134082	2013-03-29 17:43:49.134082
186	Est a quisquam iure voluptas possimus quia.	6	2013-03-29 17:43:49.138774	2013-03-29 17:43:49.138774
187	Et facere sunt corrupti dolore ab autem voluptas.	1	2013-03-29 17:43:49.143637	2013-03-29 17:43:49.143637
188	Et facere sunt corrupti dolore ab autem voluptas.	2	2013-03-29 17:43:49.148303	2013-03-29 17:43:49.148303
189	Et facere sunt corrupti dolore ab autem voluptas.	3	2013-03-29 17:43:49.152991	2013-03-29 17:43:49.152991
190	Et facere sunt corrupti dolore ab autem voluptas.	4	2013-03-29 17:43:49.157564	2013-03-29 17:43:49.157564
191	Et facere sunt corrupti dolore ab autem voluptas.	5	2013-03-29 17:43:49.162242	2013-03-29 17:43:49.162242
192	Et facere sunt corrupti dolore ab autem voluptas.	6	2013-03-29 17:43:49.166821	2013-03-29 17:43:49.166821
193	Esse est quas quidem rerum dolores et.	1	2013-03-29 17:43:49.171693	2013-03-29 17:43:49.171693
194	Esse est quas quidem rerum dolores et.	2	2013-03-29 17:43:49.176408	2013-03-29 17:43:49.176408
195	Esse est quas quidem rerum dolores et.	3	2013-03-29 17:43:49.181003	2013-03-29 17:43:49.181003
196	Esse est quas quidem rerum dolores et.	4	2013-03-29 17:43:49.185723	2013-03-29 17:43:49.185723
197	Esse est quas quidem rerum dolores et.	5	2013-03-29 17:43:49.190355	2013-03-29 17:43:49.190355
198	Esse est quas quidem rerum dolores et.	6	2013-03-29 17:43:49.194965	2013-03-29 17:43:49.194965
199	Consequatur earum libero unde molestiae ut quo.	1	2013-03-29 17:43:49.200683	2013-03-29 17:43:49.200683
200	Consequatur earum libero unde molestiae ut quo.	2	2013-03-29 17:43:49.205785	2013-03-29 17:43:49.205785
201	Consequatur earum libero unde molestiae ut quo.	3	2013-03-29 17:43:49.210453	2013-03-29 17:43:49.210453
202	Consequatur earum libero unde molestiae ut quo.	4	2013-03-29 17:43:49.215224	2013-03-29 17:43:49.215224
203	Consequatur earum libero unde molestiae ut quo.	5	2013-03-29 17:43:49.220123	2013-03-29 17:43:49.220123
204	Consequatur earum libero unde molestiae ut quo.	6	2013-03-29 17:43:49.22495	2013-03-29 17:43:49.22495
205	Dolorum et enim ut tempore nesciunt velit pariatur.	1	2013-03-29 17:43:49.230739	2013-03-29 17:43:49.230739
206	Dolorum et enim ut tempore nesciunt velit pariatur.	2	2013-03-29 17:43:49.235589	2013-03-29 17:43:49.235589
207	Dolorum et enim ut tempore nesciunt velit pariatur.	3	2013-03-29 17:43:49.240187	2013-03-29 17:43:49.240187
208	Dolorum et enim ut tempore nesciunt velit pariatur.	4	2013-03-29 17:43:49.244775	2013-03-29 17:43:49.244775
209	Dolorum et enim ut tempore nesciunt velit pariatur.	5	2013-03-29 17:43:49.249445	2013-03-29 17:43:49.249445
210	Dolorum et enim ut tempore nesciunt velit pariatur.	6	2013-03-29 17:43:49.254135	2013-03-29 17:43:49.254135
211	Rerum et quae nobis dignissimos cupiditate.	1	2013-03-29 17:43:49.258823	2013-03-29 17:43:49.258823
212	Rerum et quae nobis dignissimos cupiditate.	2	2013-03-29 17:43:49.263787	2013-03-29 17:43:49.263787
213	Rerum et quae nobis dignissimos cupiditate.	3	2013-03-29 17:43:49.268399	2013-03-29 17:43:49.268399
214	Rerum et quae nobis dignissimos cupiditate.	4	2013-03-29 17:43:49.273008	2013-03-29 17:43:49.273008
215	Rerum et quae nobis dignissimos cupiditate.	5	2013-03-29 17:43:49.27758	2013-03-29 17:43:49.27758
216	Rerum et quae nobis dignissimos cupiditate.	6	2013-03-29 17:43:49.282222	2013-03-29 17:43:49.282222
217	Deserunt beatae voluptatem sed omnis eaque officia.	1	2013-03-29 17:43:49.286971	2013-03-29 17:43:49.286971
218	Deserunt beatae voluptatem sed omnis eaque officia.	2	2013-03-29 17:43:49.29156	2013-03-29 17:43:49.29156
219	Deserunt beatae voluptatem sed omnis eaque officia.	3	2013-03-29 17:43:49.296114	2013-03-29 17:43:49.296114
220	Deserunt beatae voluptatem sed omnis eaque officia.	4	2013-03-29 17:43:49.300675	2013-03-29 17:43:49.300675
221	Deserunt beatae voluptatem sed omnis eaque officia.	5	2013-03-29 17:43:49.305286	2013-03-29 17:43:49.305286
222	Deserunt beatae voluptatem sed omnis eaque officia.	6	2013-03-29 17:43:49.310033	2013-03-29 17:43:49.310033
223	Beatae voluptates ipsam expedita dicta cupiditate ad nostrum odio.	1	2013-03-29 17:43:49.315186	2013-03-29 17:43:49.315186
224	Beatae voluptates ipsam expedita dicta cupiditate ad nostrum odio.	2	2013-03-29 17:43:49.319952	2013-03-29 17:43:49.319952
225	Beatae voluptates ipsam expedita dicta cupiditate ad nostrum odio.	3	2013-03-29 17:43:49.324595	2013-03-29 17:43:49.324595
226	Beatae voluptates ipsam expedita dicta cupiditate ad nostrum odio.	4	2013-03-29 17:43:49.329166	2013-03-29 17:43:49.329166
227	Beatae voluptates ipsam expedita dicta cupiditate ad nostrum odio.	5	2013-03-29 17:43:49.334077	2013-03-29 17:43:49.334077
228	Beatae voluptates ipsam expedita dicta cupiditate ad nostrum odio.	6	2013-03-29 17:43:49.338745	2013-03-29 17:43:49.338745
229	Ut mollitia ea quia ducimus quas error aut iste explicabo.	1	2013-03-29 17:43:49.343419	2013-03-29 17:43:49.343419
230	Ut mollitia ea quia ducimus quas error aut iste explicabo.	2	2013-03-29 17:43:49.348116	2013-03-29 17:43:49.348116
231	Ut mollitia ea quia ducimus quas error aut iste explicabo.	3	2013-03-29 17:43:49.352844	2013-03-29 17:43:49.352844
232	Ut mollitia ea quia ducimus quas error aut iste explicabo.	4	2013-03-29 17:43:49.357452	2013-03-29 17:43:49.357452
233	Ut mollitia ea quia ducimus quas error aut iste explicabo.	5	2013-03-29 17:43:49.362038	2013-03-29 17:43:49.362038
234	Ut mollitia ea quia ducimus quas error aut iste explicabo.	6	2013-03-29 17:43:49.366794	2013-03-29 17:43:49.366794
235	Aut atque accusantium eos tenetur aut alias quia aliquid quae.	1	2013-03-29 17:43:49.371519	2013-03-29 17:43:49.371519
236	Aut atque accusantium eos tenetur aut alias quia aliquid quae.	2	2013-03-29 17:43:49.376116	2013-03-29 17:43:49.376116
237	Aut atque accusantium eos tenetur aut alias quia aliquid quae.	3	2013-03-29 17:43:49.380693	2013-03-29 17:43:49.380693
238	Aut atque accusantium eos tenetur aut alias quia aliquid quae.	4	2013-03-29 17:43:49.385414	2013-03-29 17:43:49.385414
239	Aut atque accusantium eos tenetur aut alias quia aliquid quae.	5	2013-03-29 17:43:49.390201	2013-03-29 17:43:49.390201
240	Aut atque accusantium eos tenetur aut alias quia aliquid quae.	6	2013-03-29 17:43:49.394791	2013-03-29 17:43:49.394791
241	Quia tenetur ipsam et similique occaecati autem dolores.	1	2013-03-29 17:43:49.3994	2013-03-29 17:43:49.3994
242	Quia tenetur ipsam et similique occaecati autem dolores.	2	2013-03-29 17:43:49.404074	2013-03-29 17:43:49.404074
243	Quia tenetur ipsam et similique occaecati autem dolores.	3	2013-03-29 17:43:49.408655	2013-03-29 17:43:49.408655
244	Quia tenetur ipsam et similique occaecati autem dolores.	4	2013-03-29 17:43:49.413244	2013-03-29 17:43:49.413244
245	Quia tenetur ipsam et similique occaecati autem dolores.	5	2013-03-29 17:43:49.417977	2013-03-29 17:43:49.417977
246	Quia tenetur ipsam et similique occaecati autem dolores.	6	2013-03-29 17:43:49.422553	2013-03-29 17:43:49.422553
247	Optio expedita aut natus sint placeat.	1	2013-03-29 17:43:49.42728	2013-03-29 17:43:49.42728
248	Optio expedita aut natus sint placeat.	2	2013-03-29 17:43:49.432002	2013-03-29 17:43:49.432002
249	Optio expedita aut natus sint placeat.	3	2013-03-29 17:43:49.436685	2013-03-29 17:43:49.436685
250	Optio expedita aut natus sint placeat.	4	2013-03-29 17:43:49.441247	2013-03-29 17:43:49.441247
251	Optio expedita aut natus sint placeat.	5	2013-03-29 17:43:49.445841	2013-03-29 17:43:49.445841
252	Optio expedita aut natus sint placeat.	6	2013-03-29 17:43:49.450342	2013-03-29 17:43:49.450342
253	Et aperiam excepturi labore voluptas porro.	1	2013-03-29 17:43:49.455162	2013-03-29 17:43:49.455162
254	Et aperiam excepturi labore voluptas porro.	2	2013-03-29 17:43:49.459717	2013-03-29 17:43:49.459717
255	Et aperiam excepturi labore voluptas porro.	3	2013-03-29 17:43:49.464305	2013-03-29 17:43:49.464305
256	Et aperiam excepturi labore voluptas porro.	4	2013-03-29 17:43:49.4693	2013-03-29 17:43:49.4693
257	Et aperiam excepturi labore voluptas porro.	5	2013-03-29 17:43:49.473897	2013-03-29 17:43:49.473897
258	Et aperiam excepturi labore voluptas porro.	6	2013-03-29 17:43:49.478454	2013-03-29 17:43:49.478454
259	Suscipit consectetur autem voluptates ex expedita in.	1	2013-03-29 17:43:49.483893	2013-03-29 17:43:49.483893
260	Suscipit consectetur autem voluptates ex expedita in.	2	2013-03-29 17:43:49.488547	2013-03-29 17:43:49.488547
261	Suscipit consectetur autem voluptates ex expedita in.	3	2013-03-29 17:43:49.493169	2013-03-29 17:43:49.493169
262	Suscipit consectetur autem voluptates ex expedita in.	4	2013-03-29 17:43:49.498104	2013-03-29 17:43:49.498104
263	Suscipit consectetur autem voluptates ex expedita in.	5	2013-03-29 17:43:49.5029	2013-03-29 17:43:49.5029
264	Suscipit consectetur autem voluptates ex expedita in.	6	2013-03-29 17:43:49.507516	2013-03-29 17:43:49.507516
265	Officiis error ut voluptas deleniti occaecati suscipit excepturi illum voluptatum.	1	2013-03-29 17:43:49.51233	2013-03-29 17:43:49.51233
266	Officiis error ut voluptas deleniti occaecati suscipit excepturi illum voluptatum.	2	2013-03-29 17:43:49.516847	2013-03-29 17:43:49.516847
267	Officiis error ut voluptas deleniti occaecati suscipit excepturi illum voluptatum.	3	2013-03-29 17:43:49.52147	2013-03-29 17:43:49.52147
268	Officiis error ut voluptas deleniti occaecati suscipit excepturi illum voluptatum.	4	2013-03-29 17:43:49.526048	2013-03-29 17:43:49.526048
269	Officiis error ut voluptas deleniti occaecati suscipit excepturi illum voluptatum.	5	2013-03-29 17:43:49.530643	2013-03-29 17:43:49.530643
270	Officiis error ut voluptas deleniti occaecati suscipit excepturi illum voluptatum.	6	2013-03-29 17:43:49.535377	2013-03-29 17:43:49.535377
271	Quia dolorem laboriosam sint unde sit hic nihil.	1	2013-03-29 17:43:49.540183	2013-03-29 17:43:49.540183
272	Quia dolorem laboriosam sint unde sit hic nihil.	2	2013-03-29 17:43:49.544931	2013-03-29 17:43:49.544931
273	Quia dolorem laboriosam sint unde sit hic nihil.	3	2013-03-29 17:43:49.549478	2013-03-29 17:43:49.549478
274	Quia dolorem laboriosam sint unde sit hic nihil.	4	2013-03-29 17:43:49.554091	2013-03-29 17:43:49.554091
275	Quia dolorem laboriosam sint unde sit hic nihil.	5	2013-03-29 17:43:49.558788	2013-03-29 17:43:49.558788
276	Quia dolorem laboriosam sint unde sit hic nihil.	6	2013-03-29 17:43:49.563596	2013-03-29 17:43:49.563596
277	Et consequatur odio deleniti et minima ut est.	1	2013-03-29 17:43:49.568835	2013-03-29 17:43:49.568835
278	Et consequatur odio deleniti et minima ut est.	2	2013-03-29 17:43:49.573954	2013-03-29 17:43:49.573954
279	Et consequatur odio deleniti et minima ut est.	3	2013-03-29 17:43:49.578617	2013-03-29 17:43:49.578617
280	Et consequatur odio deleniti et minima ut est.	4	2013-03-29 17:43:49.583224	2013-03-29 17:43:49.583224
281	Et consequatur odio deleniti et minima ut est.	5	2013-03-29 17:43:49.587932	2013-03-29 17:43:49.587932
282	Et consequatur odio deleniti et minima ut est.	6	2013-03-29 17:43:49.592537	2013-03-29 17:43:49.592537
283	Ea omnis aspernatur ratione ut.	1	2013-03-29 17:43:49.597333	2013-03-29 17:43:49.597333
284	Ea omnis aspernatur ratione ut.	2	2013-03-29 17:43:49.602081	2013-03-29 17:43:49.602081
285	Ea omnis aspernatur ratione ut.	3	2013-03-29 17:43:49.606674	2013-03-29 17:43:49.606674
286	Ea omnis aspernatur ratione ut.	4	2013-03-29 17:43:49.611224	2013-03-29 17:43:49.611224
287	Ea omnis aspernatur ratione ut.	5	2013-03-29 17:43:49.615854	2013-03-29 17:43:49.615854
288	Ea omnis aspernatur ratione ut.	6	2013-03-29 17:43:49.6205	2013-03-29 17:43:49.6205
289	Officia sunt aliquam voluptates velit sequi.	1	2013-03-29 17:43:49.625148	2013-03-29 17:43:49.625148
290	Officia sunt aliquam voluptates velit sequi.	2	2013-03-29 17:43:49.629709	2013-03-29 17:43:49.629709
291	Officia sunt aliquam voluptates velit sequi.	3	2013-03-29 17:43:49.634212	2013-03-29 17:43:49.634212
292	Officia sunt aliquam voluptates velit sequi.	4	2013-03-29 17:43:49.638789	2013-03-29 17:43:49.638789
293	Officia sunt aliquam voluptates velit sequi.	5	2013-03-29 17:43:49.64517	2013-03-29 17:43:49.64517
294	Officia sunt aliquam voluptates velit sequi.	6	2013-03-29 17:43:49.649726	2013-03-29 17:43:49.649726
295	Ut officiis nemo commodi est quam.	1	2013-03-29 17:43:49.654705	2013-03-29 17:43:49.654705
296	Ut officiis nemo commodi est quam.	2	2013-03-29 17:43:49.659456	2013-03-29 17:43:49.659456
297	Ut officiis nemo commodi est quam.	3	2013-03-29 17:43:49.66424	2013-03-29 17:43:49.66424
298	Ut officiis nemo commodi est quam.	4	2013-03-29 17:43:49.668935	2013-03-29 17:43:49.668935
299	Ut officiis nemo commodi est quam.	5	2013-03-29 17:43:49.673617	2013-03-29 17:43:49.673617
300	Ut officiis nemo commodi est quam.	6	2013-03-29 17:43:49.678183	2013-03-29 17:43:49.678183
301	A new post	1	2013-03-29 21:05:33.827043	2013-03-29 21:05:33.827043
\.


--
-- Name: microposts_id_seq; Type: SEQUENCE SET; Schema: public; Owner: mehealth
--

SELECT pg_catalog.setval('microposts_id_seq', 301, true);


--
-- Data for Name: schema_migrations; Type: TABLE DATA; Schema: public; Owner: mehealth
--

COPY schema_migrations (version) FROM stdin;
20130328111215
20130124153404
20130124175448
20130124181059
20130127141835
20130205201819
\.


--
-- Data for Name: users; Type: TABLE DATA; Schema: public; Owner: mehealth
--

COPY users (id, name, email, created_at, updated_at, password_digest, remember_token, admin) FROM stdin;
1	Example User	example@railstutorial.org	2013-03-29 17:43:00.296461	2013-03-29 17:43:00.306853	$2a$10$UuSN7.r7ObgDqQ3co/zc6ODPT0ovutrRkkBoR36HMVLdfxl5/.X5y	-KxRGkvOvp4rs5gHH7tRFQ	t
2	Rosemary Rutherford	example-1@railstutorial.org	2013-03-29 17:43:01.31073	2013-03-29 17:43:01.31073	$2a$10$we.vZxFPPe0KDoUmwXK67.OGuiO8H2is0GAKqS8yBJCBFWryjcFwy	k7ODEt7JJDGg3jlKqMRp0Q	f
3	Vella Cremin II	example-2@railstutorial.org	2013-03-29 17:43:01.783248	2013-03-29 17:43:01.783248	$2a$10$2VX2sDCmwEmVkzO8BYFOQup4ol.G23AQTH1ej2uPdqdvl8FzU8ReK	9yBUBTQIpdPBGy-qjOF5hw	f
4	Pete Ziemann	example-3@railstutorial.org	2013-03-29 17:43:02.257137	2013-03-29 17:43:02.257137	$2a$10$bqWQktPI/R393quYIAJTzepxeWsXcLNeVSFxWFTFoUCxIUo7iftj6	mdl4y8j2NIPRuwrsABgM_A	f
5	Laney Dare	example-4@railstutorial.org	2013-03-29 17:43:02.729512	2013-03-29 17:43:02.729512	$2a$10$o7k.0vhMAQW5Mp4zvsN7k.To3d3vWm03TJLCc0SwlbroZ14XaifCG	Ex9TPLX-Imx3MZycCup_cw	f
6	Alana Purdy	example-5@railstutorial.org	2013-03-29 17:43:03.204466	2013-03-29 17:43:03.204466	$2a$10$FFX2WmPqJmNtD5dgJoj0j.cLlf89WES2c5QEpEpgM17d5YeoQugQi	WJRKRj4wY77oQ-yxvUqJ_A	f
7	Daija Donnelly	example-6@railstutorial.org	2013-03-29 17:43:03.676215	2013-03-29 17:43:03.676215	$2a$10$OkACyoJNkj1dnQ2W9mXy7ujaOaGGxAQ8TdKSaFB8gROagD6NMuTT6	YstN0YXQ2K_miVYg5R7oyg	f
8	Macie Barton	example-7@railstutorial.org	2013-03-29 17:43:04.149269	2013-03-29 17:43:04.149269	$2a$10$oqH.F7L/styyX1HIz2AZ4.q4J8tCoKI56q4pojbun5sElbtmcCLeW	LfCajmp1ExMExJnyF1XM2A	f
9	Marlene Murray	example-8@railstutorial.org	2013-03-29 17:43:04.624324	2013-03-29 17:43:04.624324	$2a$10$9D9qgFyCR0hIlqav.r.1xeyHZNVmIJppX6fZVZy.LGaM9yDvvLUE6	f7Q_3c6p4b3URmtGmmaffw	f
10	Miss Korey Borer	example-9@railstutorial.org	2013-03-29 17:43:05.096129	2013-03-29 17:43:05.096129	$2a$10$NER8/xRdoJmgmt8XKr4Adek8yvBkGP9N4MrTGyzwACB6tV2eD3Bry	7vV4hcWuZe3cC9ncgcBG0g	f
11	Gerry Sawayn	example-10@railstutorial.org	2013-03-29 17:43:05.569311	2013-03-29 17:43:05.569311	$2a$10$WCI7VvByRNfdbPFyvSaYAOHLAJ/p3DZ14y/MESGngiIoVMtkm9l8K	ssezRSuX6joDuYL5zZMLnQ	f
12	Liza Wolff	example-11@railstutorial.org	2013-03-29 17:43:06.041329	2013-03-29 17:43:06.041329	$2a$10$oow1lu85qGdXjvqvWIBh6OXZEDONoWBlfjj/ytZtM.WtfZp8WJ.Y.	Yc-IQQQUHxNw7_hrMGBrbg	f
13	Terrence Moore	example-12@railstutorial.org	2013-03-29 17:43:06.516657	2013-03-29 17:43:06.516657	$2a$10$v.vcE20qbwUgBrT20p9v6e8yywhzLHC96UuCS14Waav7Jlr.T9elq	5wYZhxMCPPCc1CLK2koSOw	f
14	Tomas Hirthe	example-13@railstutorial.org	2013-03-29 17:43:06.987331	2013-03-29 17:43:06.987331	$2a$10$gJl4fF20AXj7WZajdorh1elZjaf1ry2vp7Iz.9ew2GwGqbBKbqGoC	qaq4ZR30MyKjzPvoReAPtw	f
15	Adolf Nienow	example-14@railstutorial.org	2013-03-29 17:43:07.461385	2013-03-29 17:43:07.461385	$2a$10$X9u6hMYLY2BHFV7QwT.wO.jQtzwGbYLm91HWKav1Y1Xrmp/O9CCNK	kUcIJi6XYrGs4b0c04VJGg	f
16	Janie Prohaska	example-15@railstutorial.org	2013-03-29 17:43:07.932919	2013-03-29 17:43:07.932919	$2a$10$3RjNlgsLV1Suci17xw1wyuS3gnya6pnhuRq0Bezo/kvbjoHDz0lla	hq6sTsUynlLIrnBZfFJC2Q	f
17	Elton Nader	example-16@railstutorial.org	2013-03-29 17:43:08.407482	2013-03-29 17:43:08.407482	$2a$10$yLaO7suhHkAeXFBIfxZKp.bdmJeSTzKDXN4vvNpS7PVHzPPHnZxYK	YjyrF-RL-241hdVL5_Fz2Q	f
18	Deangelo Brakus	example-17@railstutorial.org	2013-03-29 17:43:08.881528	2013-03-29 17:43:08.881528	$2a$10$j2W1aE4fvWgtsnGRSZWLY.2HckSbxawgaZqt2S7JHQKTyBIFrfAhe	Nv9TKB0PE1LykbycDBIvAw	f
19	Katharina O'Hara	example-18@railstutorial.org	2013-03-29 17:43:09.351866	2013-03-29 17:43:09.351866	$2a$10$08xJHi/0N9qPCuDdrwvtH.MPXFFmLQP76ahNx05jR6.a4f2kh8GIa	YnPnnFbUA6X4mlHaYMv65Q	f
20	Anjali McKenzie	example-19@railstutorial.org	2013-03-29 17:43:09.824502	2013-03-29 17:43:09.824502	$2a$10$WGkkajYie9Zoyotpf2/ELe3r9mPqbnjUBZlzjS.0UUW4zJ3q7GUAC	wpLWYPDCCLAxYgdxf3cpMQ	f
21	Hal Grant	example-20@railstutorial.org	2013-03-29 17:43:10.295923	2013-03-29 17:43:10.295923	$2a$10$MXEbaufhimJRCNoQg3Cnd.yLSV2NPX7cy6O2AxwzuraGQXEPNqasW	LtBRN70i673Sq-ULGrHcKg	f
22	Mr. Shanny Rice	example-21@railstutorial.org	2013-03-29 17:43:10.768502	2013-03-29 17:43:10.768502	$2a$10$uYXnakf7GAxDYAMf1GIZ/OlVzBcDvvg8ksGbd5Frt7ZZ5JZawLuxq	ULnO-thpTuruta7akiy01w	f
23	Randall Greenholt	example-22@railstutorial.org	2013-03-29 17:43:11.242285	2013-03-29 17:43:11.242285	$2a$10$hdT7usxNDoC0WYKyQgQAwurJvDvXoxkadny89EdAos5BLJaDDWOp.	YR6bt3_9FlUr4t7nzgi6YQ	f
24	Dillan Quitzon I	example-23@railstutorial.org	2013-03-29 17:43:11.713266	2013-03-29 17:43:11.713266	$2a$10$JkNxOz6sDucHe/Ac.4/qaubC3IUwTuoUTWm1u8kVurTA3kQz1YPZq	-x-rZBcxQaCwHxo19pIFvQ	f
25	Miss Sandra Turcotte	example-24@railstutorial.org	2013-03-29 17:43:12.184973	2013-03-29 17:43:12.184973	$2a$10$ZjN42PCHDoI6tTzWDcnoleXY0BRG2QyOTf.InoCF4TdByRivzn4Py	qCfCjdmEN9c4YzTz77VEfg	f
26	Laura Gulgowski	example-25@railstutorial.org	2013-03-29 17:43:12.655596	2013-03-29 17:43:12.655596	$2a$10$ZTUqlohZZ8Q5iWdzt/9PCuyzU0EL7.WsLruzFgT.3q9gWRbc9M77m	SxUy5QeyrpkdxZZrzRKVqg	f
27	Martine Fadel	example-26@railstutorial.org	2013-03-29 17:43:13.12643	2013-03-29 17:43:13.12643	$2a$10$CtUKvIgUgqV1lQ/YqQ28c.0OV42jL9lpl56WRQd8ZChfCdeTzommO	052rdPD-ziZ5sj9xINIyaA	f
28	Lennie Brekke	example-27@railstutorial.org	2013-03-29 17:43:13.601434	2013-03-29 17:43:13.601434	$2a$10$WytmFHlsJlLNQEJacW/GZ.wsaSn29dXDW6A.31CAXXbA0MCQ5MZQC	KAkoN9-zUF2WWz1Bf15_EA	f
29	Johnnie Morar	example-28@railstutorial.org	2013-03-29 17:43:14.08462	2013-03-29 17:43:14.08462	$2a$10$HLPLfXwCwlD/d/nyeP9TeeBG4YJZe0M/6eqMuFpy7o.QfnJ/EuuSC	26Y_wV7dEm82jiOpu2hCcQ	f
30	Hertha King	example-29@railstutorial.org	2013-03-29 17:43:14.589942	2013-03-29 17:43:14.589942	$2a$10$Fsda4WtOufHOlwU7OdUjbeVbp4pQRMYDUnETcJIJfObKR1ZbrK/TW	85lEjpSLAOvlXssctvR2Tg	f
31	Bradley Vandervort	example-30@railstutorial.org	2013-03-29 17:43:15.070202	2013-03-29 17:43:15.070202	$2a$10$ktRKkTn6Yre/pEL4gV1L8.quQDi0hyRFpI7ZH58op167K2Av.QI6m	jkUAfM_THbDq1JX81x7Zvw	f
32	Barton Kuhic	example-31@railstutorial.org	2013-03-29 17:43:15.543818	2013-03-29 17:43:15.543818	$2a$10$M/2431ygR4CILKa65UaY8uxg.Sr4b4H/BqLN8jMz3OxEgSpQjxJXe	z9SB2OtlIMNdBE4S43wPAA	f
33	Kaden Satterfield	example-32@railstutorial.org	2013-03-29 17:43:16.014525	2013-03-29 17:43:16.014525	$2a$10$wrrDLZ..z4sU2hbK3HA3ZOfyXkq.LlPwUouw.G.Epo/4h1nVo3O4u	fh32ArIvdrc7Bkwb13Fi_Q	f
34	Julian Kub	example-33@railstutorial.org	2013-03-29 17:43:16.492789	2013-03-29 17:43:16.492789	$2a$10$voRiDjy9Un0dFZ1nCjB3Iem1ZMwPsu8xWSzE/Ud7Rt6K8sypZe34S	K-cd1B1ZgBfMsM1q7JpcRw	f
35	Kathryn Wisozk	example-34@railstutorial.org	2013-03-29 17:43:16.963958	2013-03-29 17:43:16.963958	$2a$10$HzBFypIOYNE9j56LdfzmtuvUolqaM/BD/B66vZTzm7TKhAqe4vlMq	vRfMZTrfj2_zJ_-zT5r4-w	f
36	Mortimer Hodkiewicz	example-35@railstutorial.org	2013-03-29 17:43:17.437674	2013-03-29 17:43:17.437674	$2a$10$fi3MAq4jHbz5iOM3fiOE6OnLN9AHIcIxXu.IqzYNZSMV2jE2XAkie	bfLkVeJw2IlHuLEXSGtGDg	f
37	Rebekah Wilkinson	example-36@railstutorial.org	2013-03-29 17:43:17.90907	2013-03-29 17:43:17.90907	$2a$10$jpNMDgOy4vaW3IjCmurx7.5/MpjCthFRtuvPY9BlCasNaohO0d01e	d038s10vsqX5emLMqt4tUg	f
38	Logan Kutch	example-37@railstutorial.org	2013-03-29 17:43:18.380649	2013-03-29 17:43:18.380649	$2a$10$RAHq/peBOU1bYBeQX6WNxO33DRRD51jhgounapyMVFt.yWX9IUdQi	-5LasVitw9CG-g6_EfL2AA	f
39	Angie Pfeffer III	example-38@railstutorial.org	2013-03-29 17:43:18.857902	2013-03-29 17:43:18.857902	$2a$10$K8IlHSDKuftZg9h7IZ9Evek8/GMDw7g37ZDzeg0GJ2.xeCw4.cGJG	_RInGy0Dhr3_RfYKRg0fhA	f
40	Dr. Gerardo Schmitt	example-39@railstutorial.org	2013-03-29 17:43:19.329928	2013-03-29 17:43:19.329928	$2a$10$j5UGOya8bBNdkkq/R5zSSe5GyMjcvUYiWZc54xYN1jNY3If1thrua	JztfmBVRgHLm8Duu5LEStg	f
41	Nola Kassulke IV	example-40@railstutorial.org	2013-03-29 17:43:19.802417	2013-03-29 17:43:19.802417	$2a$10$Z6/pU1CcRVw79bCpBW5Ld.99T68GnIJUM/nhwFHR7Ceobitb0hv5G	8GlBFqbDM8Uui4jnKMkoPQ	f
42	Janet Hettinger	example-41@railstutorial.org	2013-03-29 17:43:20.274653	2013-03-29 17:43:20.274653	$2a$10$FsX5vrFnfu1acwfuGI0PTOpWdUPu.eHKXvIa0JL7Qi.gQ76cSdi5S	ou6NPf0jv5XMxjiMYLrWhA	f
43	Mrs. Mackenzie Kling	example-42@railstutorial.org	2013-03-29 17:43:20.749209	2013-03-29 17:43:20.749209	$2a$10$3gXQ6FIH1k.e.hLHSliMD.jLeAyPSxjuVLZGFr9Fs4JAKkMmsEpey	1tyIlmwG_c9iKuWBerkAzQ	f
44	Juliana McLaughlin	example-43@railstutorial.org	2013-03-29 17:43:21.223776	2013-03-29 17:43:21.223776	$2a$10$0bOAKos/5BUqiAu8vMXF1uJ5rPfVG/JCNxcRQYylcT9mqyG/3AKwS	I94LVTjLhSBzo8iPXQv4hA	f
45	Macy O'Hara	example-44@railstutorial.org	2013-03-29 17:43:21.698136	2013-03-29 17:43:21.698136	$2a$10$wkrFffrro5HL8AZtSwGMWumtfxiuAWepPtBbLvmvrzZB62UXj7T0m	ZnP-z6lZbnBzMBciG5EqQA	f
46	Miller Botsford IV	example-45@railstutorial.org	2013-03-29 17:43:22.170816	2013-03-29 17:43:22.170816	$2a$10$8bBPuFs8gmtRQTH4Kz0veOtQr.c95EZQ99KFd5vb9Ii3q/kWkf5HW	9g4kFoB9Sm3QsYgmDga7tw	f
47	Leif Deckow DDS	example-46@railstutorial.org	2013-03-29 17:43:22.647633	2013-03-29 17:43:22.647633	$2a$10$.w4UST88EDn3wyKLkq4kcuU53xJAKIDVRsSEfwwR3./IEvces3QWm	drY5lcRYh8B1_VmBKZnYQQ	f
48	Fernando Aufderhar Jr.	example-47@railstutorial.org	2013-03-29 17:43:23.12312	2013-03-29 17:43:23.12312	$2a$10$cQuBgm0eEi0B3HEyL9m2s.JU8UMTv/k/u51lXV47HW/znPl.OCTea	yLl5p07-yD5F2lQ0k4k-CQ	f
49	Brook Muller	example-48@railstutorial.org	2013-03-29 17:43:23.606058	2013-03-29 17:43:23.606058	$2a$10$1eRjrewPFXPNzUnJ96eUKepawVGs.8GT2SlJqWEK5Uu6oe7fUfmne	Fhn6Vgmm9uGerOyVzwmtrg	f
50	Sheridan Frami	example-49@railstutorial.org	2013-03-29 17:43:24.085675	2013-03-29 17:43:24.085675	$2a$10$w8u1YTxeFm3Gjd6RyZzWxujGiGMTvUeqxkE32uo0TYi8S9qZMY4LC	ByFLhc_lvIogaWJdZ3k55A	f
51	Pinkie Graham Sr.	example-50@railstutorial.org	2013-03-29 17:43:24.559278	2013-03-29 17:43:24.559278	$2a$10$/rzlNUYLO2Mk.Lf9WGyGc.9F6Xn2BYs5UzFuijUJEn0zXyyor75Ee	9Xroose4aiPmi_j9vkZlBQ	f
52	Dana Cremin	example-51@railstutorial.org	2013-03-29 17:43:25.033807	2013-03-29 17:43:25.033807	$2a$10$liWXI29.Q2Jksqaj.8RL4.24EBiBvHGhBCmy7Yxi0YcgCJlGNiDom	nj_xqPK_8YstjzR_UNMj3A	f
53	Dax Schultz I	example-52@railstutorial.org	2013-03-29 17:43:25.507058	2013-03-29 17:43:25.507058	$2a$10$jE9Jvww6WuzV1xccKGXM/es9m/gOo6hA/yTYEAKX3wAttYKEgb10a	3l068A9A-EGmniXJ2zlCOw	f
54	Ms. Benny Jones	example-53@railstutorial.org	2013-03-29 17:43:25.977837	2013-03-29 17:43:25.977837	$2a$10$CqOZpLQ7Gd1T3KZUKdOtXONM784XWW.v2T3877oPK5PKZnbtqjy0K	oLfwyRShFWgxiBARFNqhRg	f
55	Miss Cecil Hagenes	example-54@railstutorial.org	2013-03-29 17:43:26.450099	2013-03-29 17:43:26.450099	$2a$10$oe9dmgVM5/N1ZnpbjsqapeWEm9UXZprMZjIqm5oMABz7hDsP6bcGW	EDGcXQwcCC20-Eng6uTf8g	f
56	Jovan Kertzmann	example-55@railstutorial.org	2013-03-29 17:43:26.919577	2013-03-29 17:43:26.919577	$2a$10$3hKO2iTHRV3nw/.9FLCRSeoAZ7RD9gNS/F3GsDbydQGRUgPadnrfq	rV0-CTGArTAfBDcxOwvIKw	f
57	Aurelio Little	example-56@railstutorial.org	2013-03-29 17:43:27.391145	2013-03-29 17:43:27.391145	$2a$10$r5MQLqLlb6FBFWvKgPvslOHPYYb33jY17AaotlIBJ.cVSSEHTZcDG	L5PNbFbvvBnEKmRpwszGXA	f
58	Kane Bins MD	example-57@railstutorial.org	2013-03-29 17:43:27.861622	2013-03-29 17:43:27.861622	$2a$10$d7gCECuP/2Ymm6vFmD2w9uy6LYfW/xc.nidvtUntnkyZ3d7zkhKgO	UDM7nQeaewx-Gjee6AVrBQ	f
59	Devan Bechtelar	example-58@railstutorial.org	2013-03-29 17:43:28.334101	2013-03-29 17:43:28.334101	$2a$10$L8AfvMRJo.3F2cbNQ6E2eu9UOaGn/QgcP9Ss.XAWdDleJS99Qmu4O	6_XU4-rQlkn_kbta_n93bA	f
60	Rashawn Lehner	example-59@railstutorial.org	2013-03-29 17:43:28.809001	2013-03-29 17:43:28.809001	$2a$10$pLlaCoWP7qHb/BT6b/Hk/.K1tgv1dlQY/xOrhQSUiR7zt5zxwRnxS	Y0Ehy7DWsFfRLYbsVtawuw	f
61	Lizeth Hammes IV	example-60@railstutorial.org	2013-03-29 17:43:29.281815	2013-03-29 17:43:29.281815	$2a$10$EekdPtraWVAvI.jLxX/Ww.tdsf.nzCtNAkS5a1CCeWfuvXlQqBIBO	dnZ3CimPjirPN7wlvCEztw	f
62	Madonna Cremin	example-61@railstutorial.org	2013-03-29 17:43:29.754312	2013-03-29 17:43:29.754312	$2a$10$re6upXZQ2HRBXqITYMtw0ONleN93ly9qNNGKb/zrKHQQ/nKLV3FT6	M1TOsdwsNccoR6KkSVfNlg	f
63	Rhianna Mohr II	example-62@railstutorial.org	2013-03-29 17:43:30.227384	2013-03-29 17:43:30.227384	$2a$10$GdK3UwPDnmxCROclgZLFBeCbxvvRrfa49RIGiAwj9qa2Pa4RdV/Uu	HxHVh4cwokRf3XqZDEiYBA	f
64	Katharina Kerluke	example-63@railstutorial.org	2013-03-29 17:43:30.698603	2013-03-29 17:43:30.698603	$2a$10$5Diy0.Mn781V0YDu9jnJ2OO4nWHVNtkNNeEg8pwK2z2iv00INDu4G	iwpOIlJIMR5op8KQxw8OjA	f
65	Roman Krajcik	example-64@railstutorial.org	2013-03-29 17:43:31.169624	2013-03-29 17:43:31.169624	$2a$10$AlwcY.M81YYtyX/Q.8z5q.tCtDgrqw60jY8cxZQAXn19lDuMu7WwC	F7PkCTCB4Xp1ddR1cvB9nQ	f
66	Jude Mueller	example-65@railstutorial.org	2013-03-29 17:43:31.643125	2013-03-29 17:43:31.643125	$2a$10$yQCw9otgoaIgZSxD2zGeoeD92SrRB4BmfX6wscYyLzW9VNVv1qHsG	ojMq3FRQCepSRCPg6O7E7Q	f
67	Boris Reichel IV	example-66@railstutorial.org	2013-03-29 17:43:32.11447	2013-03-29 17:43:32.11447	$2a$10$htnrqGNA4JOYONpNF/Z5..j.D9EOJD/klEJi51reCpH9DqIyI17xy	1LDBkPlmyPBOoe3OQIvVgA	f
68	Marie Hyatt	example-67@railstutorial.org	2013-03-29 17:43:32.585858	2013-03-29 17:43:32.585858	$2a$10$f/d8sa1J8EB9XXL7W9Yv9u5/XjrpQV8S3AXEAdqepavbzG.eH.CfG	Wb_tR0pSeCDxDzwx62j9ag	f
69	Tillman Streich	example-68@railstutorial.org	2013-03-29 17:43:33.056501	2013-03-29 17:43:33.056501	$2a$10$UYOI0USV2gr/.Hi1jidDiuhk8BMnUoxpdw8cGNgY6t8LzJBXpoD9W	qdaNRsnLGLNuS2tYS1B5ww	f
70	Sonny Kuphal	example-69@railstutorial.org	2013-03-29 17:43:33.530095	2013-03-29 17:43:33.530095	$2a$10$JTULmSOjguyObcTtbVlsI.5Lc.T5Bg.mGMzvEOEkTwcO/XQWDZqSi	nBHYdJH0givyxZgT6ZBCiw	f
71	Garry Collier	example-70@railstutorial.org	2013-03-29 17:43:34.003045	2013-03-29 17:43:34.003045	$2a$10$m2ZDVT8bivu6jcbaUMGYkevqFyXJR/shYs5eLUv.YppRSIy8sQCxS	mpkkjElqLgTMpHJ6PgeeLQ	f
72	Pascale Towne DDS	example-71@railstutorial.org	2013-03-29 17:43:34.474588	2013-03-29 17:43:34.474588	$2a$10$mgZWAz2NpfNO98urkVatR.yVTcRTXXJRDjvRS7CmhoZNcltZRHSY.	0yenRWg61XzeOewxlOmqMA	f
73	Marcia Ruecker	example-72@railstutorial.org	2013-03-29 17:43:34.946096	2013-03-29 17:43:34.946096	$2a$10$jHAVp4BS2LBp/uyPDY/KQuj/3x7NU3vdQ3apSWhQYWexAbs1zzOcm	SZdckv2Z3WmbTXribbThdQ	f
74	Candace Marquardt	example-73@railstutorial.org	2013-03-29 17:43:35.417762	2013-03-29 17:43:35.417762	$2a$10$0VWl7FjL6gniJx3FzeTl1eOs0cPCYP6856ndQaanak4i7.eIZ2zM6	ajZIwHmsia4JgfW5jAyv9A	f
75	Cecil McClure Jr.	example-74@railstutorial.org	2013-03-29 17:43:35.889695	2013-03-29 17:43:35.889695	$2a$10$PTCRJcR1xcD/Ahm3ZtFlH.CA7OXP4teyD3RUZD/gdpqqtRqWV/Ncq	-zwHocY3z5JQmf7B3UWzEg	f
76	Lacey Barrows III	example-75@railstutorial.org	2013-03-29 17:43:36.372708	2013-03-29 17:43:36.372708	$2a$10$56CwcpXHRSdhzGovzkB5r.FVGSaTNETq2WMpoGrJ84FF9tU9t.AN6	DyLXAdM2Xg86K_Trbtf2xg	f
77	Golda Cartwright	example-76@railstutorial.org	2013-03-29 17:43:36.842168	2013-03-29 17:43:36.842168	$2a$10$m2s1X74jG.YYeOo6.CaFPOIndXvU2UtdFVIjKsoz7TVBR02IfVkRK	hARQlPM5gJvXiabdk_jnSw	f
78	Marion Marvin	example-77@railstutorial.org	2013-03-29 17:43:37.316215	2013-03-29 17:43:37.316215	$2a$10$tpxA46vEEQzDXgF4KWYLEuuvyGIVvc34Ejk0x8APisfLXwe3qHteS	qyrL_W-FKyBqXGtQsNSycA	f
79	Caterina Mertz	example-78@railstutorial.org	2013-03-29 17:43:37.787187	2013-03-29 17:43:37.787187	$2a$10$7/TLhDaupcBDwoY6R.PTF.lT6WSG9F2OTPAPq8MxDyZ0cS0EdFm4O	X9oQ4iDgRmrhw4UL1nDXGw	f
80	Donnell Jakubowski	example-79@railstutorial.org	2013-03-29 17:43:38.258584	2013-03-29 17:43:38.258584	$2a$10$zveiVV2YD/Eoin3buoQLIeDALNsU.NcguLFGRKtTEo2E4MMHOg7VC	TLXwHsrgTkZf7nsiDPA23Q	f
81	Mckenzie Simonis	example-80@railstutorial.org	2013-03-29 17:43:38.730132	2013-03-29 17:43:38.730132	$2a$10$1pt46NaZ5KSJYy5eIZylvecao7ZuJwgpnEr9upD9r7Hc8kZqGsSO6	SFjemNPjn-ndGP8vtHtEIw	f
82	Sydnie Denesik	example-81@railstutorial.org	2013-03-29 17:43:39.206937	2013-03-29 17:43:39.206937	$2a$10$iXTAujkxvi903XpWI3k4SeKS/d9ZRMxjH73p5yGe2CFyRHza1G5He	wK2RBokhdlOZq8QKY9vzNQ	f
83	Della Funk MD	example-82@railstutorial.org	2013-03-29 17:43:39.679452	2013-03-29 17:43:39.679452	$2a$10$3kGWq2VrNc1ebU4F81acxuqBcl.tbMp8N/w2Ve/aacWRqfC/.Y5TC	N7FSaSc6g6oNpO5GUN5uew	f
84	Trevion Little	example-83@railstutorial.org	2013-03-29 17:43:40.154592	2013-03-29 17:43:40.154592	$2a$10$nd6N2RIsXKbjGgS4apHWW.0UNbMlu.gZzu0Fp8rNJeTofD6lk.DQe	qdJc9dh3udu-mDq6yRFIYw	f
85	Clementine Feest	example-84@railstutorial.org	2013-03-29 17:43:40.625291	2013-03-29 17:43:40.625291	$2a$10$jXab05vE4YlFUZx5h5NVLeaT2dlAjtdm74TpP35gaost0t03pbryq	pBjXuo2329FOQ3HX5iXhLg	f
86	Magdalena Turcotte IV	example-85@railstutorial.org	2013-03-29 17:43:41.103336	2013-03-29 17:43:41.103336	$2a$10$Nnv48SW3SvepDXuQXmhoyugHQTiJTmS9A2vLxJAeXduYXfgwVwBWu	yn_Z4YyC89qSlPLmOkow2Q	f
87	Morton Kunde	example-86@railstutorial.org	2013-03-29 17:43:41.586442	2013-03-29 17:43:41.586442	$2a$10$gzanpjYhQ1YrtbkRTpCDpeqMeIbUzwoTlxBLy8AvCQ59UdzLXeDoK	GUca38Gs6c2HQv4koKPoWA	f
88	Dagmar Vandervort	example-87@railstutorial.org	2013-03-29 17:43:42.05991	2013-03-29 17:43:42.05991	$2a$10$65/qbkflCk4jOWizEZxwBONk8gldQ4Mxqbx/HVR.bfmi7UqCfuz3.	8xb3mDkdXXBgLhvzDpeM9Q	f
89	Dorothea Bernier	example-88@railstutorial.org	2013-03-29 17:43:42.531365	2013-03-29 17:43:42.531365	$2a$10$Mt9IoBLroCcrGOapxrCcrOQ0DbXu9rPEGg4TvpoMrWGugSbXkXJyi	YgdK1-_cfGkK2dXIQlVsVg	f
90	Enola Gutmann	example-89@railstutorial.org	2013-03-29 17:43:43.001487	2013-03-29 17:43:43.001487	$2a$10$OSDCQkYMjHDi6oyYL0rPbOL2kIWq9FEmp0/HR0VD2VGaqh8zzeQYa	aZ5pwIVVNrfjqPsLpvEZug	f
91	Dr. Cathrine Rosenbaum	example-90@railstutorial.org	2013-03-29 17:43:43.477444	2013-03-29 17:43:43.477444	$2a$10$VcHrfp4eWBZ5ePS91bG7uOXR.U6rS2WkmYa6WxGW2lbZCZO/1I5au	R2EQLXerCd_VVnfk1ghCsA	f
92	Ms. Rosemary Adams	example-91@railstutorial.org	2013-03-29 17:43:43.951559	2013-03-29 17:43:43.951559	$2a$10$zmGS0NhlFUnuDmGkYCyW9eenS7m4Xrge/2NVhDcwlGajHcJ03MDmy	zOptZNaqMqJIM76Tb8bnqg	f
93	Kelsi Raynor	example-92@railstutorial.org	2013-03-29 17:43:44.424774	2013-03-29 17:43:44.424774	$2a$10$L4qCRHrxzBZIcgUknJjWE.gFVKNG9T8XOlOmLHkjYl3nuAbnUoh/m	nCy3ZMoOD6gqqOd5GSr2yA	f
94	Melissa Baumbach	example-93@railstutorial.org	2013-03-29 17:43:44.898006	2013-03-29 17:43:44.898006	$2a$10$YMW9TC2BeOzkW7PWTsE/AOC3LOiIaKzTuwD9SiEsKdZabYNHM6XW6	3C4OGV06RT83b9lwgmG2WQ	f
95	Dr. Larue Connelly	example-94@railstutorial.org	2013-03-29 17:43:45.373113	2013-03-29 17:43:45.373113	$2a$10$8qXx7OoljNQt5A3j8.BKcuVFqAryQSjD/YFfsHQL5k6HQ6h1mwJ0.	k3RIDmPtg35dL_qRA_r6qw	f
96	Lupe Ledner	example-95@railstutorial.org	2013-03-29 17:43:45.844337	2013-03-29 17:43:45.844337	$2a$10$gaIdVUHwYNZO24XlARaMcefjd7y4hKnDookK0a1npm1Ra1/BR0Tp2	ql0oAZvZkVLHAAWMMXGTvg	f
97	Lelah Murphy	example-96@railstutorial.org	2013-03-29 17:43:46.318921	2013-03-29 17:43:46.318921	$2a$10$DnJxjkWcH..g.YqCgJ6gMuaFNbQBrU5Dy339ofrEC4BvTRs8DmFhq	i-9VsgprbfPBxjgCG8Qeng	f
98	Burnice Dooley	example-97@railstutorial.org	2013-03-29 17:43:46.790209	2013-03-29 17:43:46.790209	$2a$10$ACR2EpS0mrEjYLhJ/X6H5OZmT19msn/GrhR2F7uuRYLMsAik3O.1a	K-drZWPdC1vJ3enNX2jMjg	f
99	Denis Sauer	example-98@railstutorial.org	2013-03-29 17:43:47.263998	2013-03-29 17:43:47.263998	$2a$10$RA.SUrZBMaBLQ.h.4iDh4.BuS7vFNCtZZUgNPF7ft7LkT.w0p27DC	0t3mdVZfyAd0U3ELIOYG1Q	f
100	Hayden Hickle	example-99@railstutorial.org	2013-03-29 17:43:47.901193	2013-03-29 17:43:47.901193	$2a$10$z.ZXA18vtNVGcIpgzrNRTekgQZLEsN8Jx60RQADaJe5WwSMXg58wa	zclXIhXkhEN05PdeKBQytQ	f
\.


--
-- Name: users_id_seq; Type: SEQUENCE SET; Schema: public; Owner: mehealth
--

SELECT pg_catalog.setval('users_id_seq', 100, true);


--
-- Name: microposts_pkey; Type: CONSTRAINT; Schema: public; Owner: mehealth; Tablespace: 
--

ALTER TABLE ONLY microposts
    ADD CONSTRAINT microposts_pkey PRIMARY KEY (id);


--
-- Name: users_pkey; Type: CONSTRAINT; Schema: public; Owner: mehealth; Tablespace: 
--

ALTER TABLE ONLY users
    ADD CONSTRAINT users_pkey PRIMARY KEY (id);


--
-- Name: index_microposts_on_user_id_and_created_at; Type: INDEX; Schema: public; Owner: mehealth; Tablespace: 
--

CREATE INDEX index_microposts_on_user_id_and_created_at ON microposts USING btree (user_id, created_at);


--
-- Name: index_users_on_email; Type: INDEX; Schema: public; Owner: mehealth; Tablespace: 
--

CREATE UNIQUE INDEX index_users_on_email ON users USING btree (email);


--
-- Name: index_users_on_remember_token; Type: INDEX; Schema: public; Owner: mehealth; Tablespace: 
--

CREATE INDEX index_users_on_remember_token ON users USING btree (remember_token);


--
-- Name: unique_schema_migrations; Type: INDEX; Schema: public; Owner: mehealth; Tablespace: 
--

CREATE UNIQUE INDEX unique_schema_migrations ON schema_migrations USING btree (version);


--
-- Name: public; Type: ACL; Schema: -; Owner: david
--

REVOKE ALL ON SCHEMA public FROM PUBLIC;
REVOKE ALL ON SCHEMA public FROM david;
GRANT ALL ON SCHEMA public TO david;
GRANT ALL ON SCHEMA public TO PUBLIC;


--
-- PostgreSQL database dump complete
--

\connect mehealth_test

--
-- PostgreSQL database dump
--

SET statement_timeout = 0;
SET client_encoding = 'UTF8';
SET standard_conforming_strings = on;
SET check_function_bodies = false;
SET client_min_messages = warning;

--
-- Name: plpgsql; Type: EXTENSION; Schema: -; Owner: 
--

CREATE EXTENSION IF NOT EXISTS plpgsql WITH SCHEMA pg_catalog;


--
-- Name: EXTENSION plpgsql; Type: COMMENT; Schema: -; Owner: 
--

COMMENT ON EXTENSION plpgsql IS 'PL/pgSQL procedural language';


SET search_path = public, pg_catalog;

SET default_tablespace = '';

SET default_with_oids = false;

--
-- Name: microposts; Type: TABLE; Schema: public; Owner: mehealth; Tablespace: 
--

CREATE TABLE microposts (
    id integer NOT NULL,
    content character varying(255),
    user_id integer,
    created_at timestamp without time zone NOT NULL,
    updated_at timestamp without time zone NOT NULL
);


ALTER TABLE public.microposts OWNER TO mehealth;

--
-- Name: microposts_id_seq; Type: SEQUENCE; Schema: public; Owner: mehealth
--

CREATE SEQUENCE microposts_id_seq
    START WITH 1
    INCREMENT BY 1
    NO MINVALUE
    NO MAXVALUE
    CACHE 1;


ALTER TABLE public.microposts_id_seq OWNER TO mehealth;

--
-- Name: microposts_id_seq; Type: SEQUENCE OWNED BY; Schema: public; Owner: mehealth
--

ALTER SEQUENCE microposts_id_seq OWNED BY microposts.id;


--
-- Name: schema_migrations; Type: TABLE; Schema: public; Owner: mehealth; Tablespace: 
--

CREATE TABLE schema_migrations (
    version character varying(255) NOT NULL
);


ALTER TABLE public.schema_migrations OWNER TO mehealth;

--
-- Name: users; Type: TABLE; Schema: public; Owner: mehealth; Tablespace: 
--

CREATE TABLE users (
    id integer NOT NULL,
    name character varying(255),
    email character varying(255),
    created_at timestamp without time zone NOT NULL,
    updated_at timestamp without time zone NOT NULL,
    password_digest character varying(255),
    remember_token character varying(255),
    admin boolean DEFAULT false
);


ALTER TABLE public.users OWNER TO mehealth;

--
-- Name: users_id_seq; Type: SEQUENCE; Schema: public; Owner: mehealth
--

CREATE SEQUENCE users_id_seq
    START WITH 1
    INCREMENT BY 1
    NO MINVALUE
    NO MAXVALUE
    CACHE 1;


ALTER TABLE public.users_id_seq OWNER TO mehealth;

--
-- Name: users_id_seq; Type: SEQUENCE OWNED BY; Schema: public; Owner: mehealth
--

ALTER SEQUENCE users_id_seq OWNED BY users.id;


--
-- Name: id; Type: DEFAULT; Schema: public; Owner: mehealth
--

ALTER TABLE ONLY microposts ALTER COLUMN id SET DEFAULT nextval('microposts_id_seq'::regclass);


--
-- Name: id; Type: DEFAULT; Schema: public; Owner: mehealth
--

ALTER TABLE ONLY users ALTER COLUMN id SET DEFAULT nextval('users_id_seq'::regclass);


--
-- Data for Name: microposts; Type: TABLE DATA; Schema: public; Owner: mehealth
--

COPY microposts (id, content, user_id, created_at, updated_at) FROM stdin;
\.


--
-- Name: microposts_id_seq; Type: SEQUENCE SET; Schema: public; Owner: mehealth
--

SELECT pg_catalog.setval('microposts_id_seq', 201, true);


--
-- Data for Name: schema_migrations; Type: TABLE DATA; Schema: public; Owner: mehealth
--

COPY schema_migrations (version) FROM stdin;
20130328111215
20130124153404
20130124175448
20130124181059
20130127141835
20130205201819
\.


--
-- Data for Name: users; Type: TABLE DATA; Schema: public; Owner: mehealth
--

COPY users (id, name, email, created_at, updated_at, password_digest, remember_token, admin) FROM stdin;
\.


--
-- Name: users_id_seq; Type: SEQUENCE SET; Schema: public; Owner: mehealth
--

SELECT pg_catalog.setval('users_id_seq', 1205, true);


--
-- Name: microposts_pkey; Type: CONSTRAINT; Schema: public; Owner: mehealth; Tablespace: 
--

ALTER TABLE ONLY microposts
    ADD CONSTRAINT microposts_pkey PRIMARY KEY (id);


--
-- Name: users_pkey; Type: CONSTRAINT; Schema: public; Owner: mehealth; Tablespace: 
--

ALTER TABLE ONLY users
    ADD CONSTRAINT users_pkey PRIMARY KEY (id);


--
-- Name: index_microposts_on_user_id_and_created_at; Type: INDEX; Schema: public; Owner: mehealth; Tablespace: 
--

CREATE INDEX index_microposts_on_user_id_and_created_at ON microposts USING btree (user_id, created_at);


--
-- Name: index_users_on_email; Type: INDEX; Schema: public; Owner: mehealth; Tablespace: 
--

CREATE UNIQUE INDEX index_users_on_email ON users USING btree (email);


--
-- Name: index_users_on_remember_token; Type: INDEX; Schema: public; Owner: mehealth; Tablespace: 
--

CREATE INDEX index_users_on_remember_token ON users USING btree (remember_token);


--
-- Name: unique_schema_migrations; Type: INDEX; Schema: public; Owner: mehealth; Tablespace: 
--

CREATE UNIQUE INDEX unique_schema_migrations ON schema_migrations USING btree (version);


--
-- Name: public; Type: ACL; Schema: -; Owner: david
--

REVOKE ALL ON SCHEMA public FROM PUBLIC;
REVOKE ALL ON SCHEMA public FROM david;
GRANT ALL ON SCHEMA public TO david;
GRANT ALL ON SCHEMA public TO PUBLIC;


--
-- PostgreSQL database dump complete
--

\connect postgres

--
-- PostgreSQL database dump
--

SET statement_timeout = 0;
SET client_encoding = 'UTF8';
SET standard_conforming_strings = on;
SET check_function_bodies = false;
SET client_min_messages = warning;

--
-- Name: postgres; Type: COMMENT; Schema: -; Owner: david
--

COMMENT ON DATABASE postgres IS 'default administrative connection database';


--
-- Name: plpgsql; Type: EXTENSION; Schema: -; Owner: 
--

CREATE EXTENSION IF NOT EXISTS plpgsql WITH SCHEMA pg_catalog;


--
-- Name: EXTENSION plpgsql; Type: COMMENT; Schema: -; Owner: 
--

COMMENT ON EXTENSION plpgsql IS 'PL/pgSQL procedural language';


--
-- Name: public; Type: ACL; Schema: -; Owner: david
--

REVOKE ALL ON SCHEMA public FROM PUBLIC;
REVOKE ALL ON SCHEMA public FROM david;
GRANT ALL ON SCHEMA public TO david;
GRANT ALL ON SCHEMA public TO PUBLIC;


--
-- PostgreSQL database dump complete
--

\connect template1

--
-- PostgreSQL database dump
--

SET statement_timeout = 0;
SET client_encoding = 'UTF8';
SET standard_conforming_strings = on;
SET check_function_bodies = false;
SET client_min_messages = warning;

--
-- Name: template1; Type: COMMENT; Schema: -; Owner: david
--

COMMENT ON DATABASE template1 IS 'default template for new databases';


--
-- Name: plpgsql; Type: EXTENSION; Schema: -; Owner: 
--

CREATE EXTENSION IF NOT EXISTS plpgsql WITH SCHEMA pg_catalog;


--
-- Name: EXTENSION plpgsql; Type: COMMENT; Schema: -; Owner: 
--

COMMENT ON EXTENSION plpgsql IS 'PL/pgSQL procedural language';


--
-- Name: public; Type: ACL; Schema: -; Owner: david
--

REVOKE ALL ON SCHEMA public FROM PUBLIC;
REVOKE ALL ON SCHEMA public FROM david;
GRANT ALL ON SCHEMA public TO david;
GRANT ALL ON SCHEMA public TO PUBLIC;


--
-- PostgreSQL database dump complete
--

\connect test_sample_app

--
-- PostgreSQL database dump
--

SET statement_timeout = 0;
SET client_encoding = 'UTF8';
SET standard_conforming_strings = on;
SET check_function_bodies = false;
SET client_min_messages = warning;

--
-- Name: plpgsql; Type: EXTENSION; Schema: -; Owner: 
--

CREATE EXTENSION IF NOT EXISTS plpgsql WITH SCHEMA pg_catalog;


--
-- Name: EXTENSION plpgsql; Type: COMMENT; Schema: -; Owner: 
--

COMMENT ON EXTENSION plpgsql IS 'PL/pgSQL procedural language';


SET search_path = public, pg_catalog;

SET default_tablespace = '';

SET default_with_oids = false;

--
-- Name: schema_migrations; Type: TABLE; Schema: public; Owner: david; Tablespace: 
--

CREATE TABLE schema_migrations (
    version character varying(255) NOT NULL
);


ALTER TABLE public.schema_migrations OWNER TO david;

--
-- Name: users; Type: TABLE; Schema: public; Owner: david; Tablespace: 
--

CREATE TABLE users (
    id integer NOT NULL,
    name character varying(255),
    email character varying(255),
    created_at timestamp without time zone,
    updated_at timestamp without time zone
);


ALTER TABLE public.users OWNER TO david;

--
-- Name: users_id_seq; Type: SEQUENCE; Schema: public; Owner: david
--

CREATE SEQUENCE users_id_seq
    START WITH 1
    INCREMENT BY 1
    NO MINVALUE
    NO MAXVALUE
    CACHE 1;


ALTER TABLE public.users_id_seq OWNER TO david;

--
-- Name: users_id_seq; Type: SEQUENCE OWNED BY; Schema: public; Owner: david
--

ALTER SEQUENCE users_id_seq OWNED BY users.id;


--
-- Name: id; Type: DEFAULT; Schema: public; Owner: david
--

ALTER TABLE ONLY users ALTER COLUMN id SET DEFAULT nextval('users_id_seq'::regclass);


--
-- Data for Name: schema_migrations; Type: TABLE DATA; Schema: public; Owner: david
--

COPY schema_migrations (version) FROM stdin;
20130919143406
\.


--
-- Data for Name: users; Type: TABLE DATA; Schema: public; Owner: david
--

COPY users (id, name, email, created_at, updated_at) FROM stdin;
\.


--
-- Name: users_id_seq; Type: SEQUENCE SET; Schema: public; Owner: david
--

SELECT pg_catalog.setval('users_id_seq', 8, true);


--
-- Name: users_pkey; Type: CONSTRAINT; Schema: public; Owner: david; Tablespace: 
--

ALTER TABLE ONLY users
    ADD CONSTRAINT users_pkey PRIMARY KEY (id);


--
-- Name: unique_schema_migrations; Type: INDEX; Schema: public; Owner: david; Tablespace: 
--

CREATE UNIQUE INDEX unique_schema_migrations ON schema_migrations USING btree (version);


--
-- Name: public; Type: ACL; Schema: -; Owner: david
--

REVOKE ALL ON SCHEMA public FROM PUBLIC;
REVOKE ALL ON SCHEMA public FROM david;
GRANT ALL ON SCHEMA public TO david;
GRANT ALL ON SCHEMA public TO PUBLIC;


--
-- PostgreSQL database dump complete
--

--
-- PostgreSQL database cluster dump complete
--

